{
    "accuracy": 0.7010111761575306,
    "macro avg": {
        "precision": 0.7010074014536802,
        "recall": 0.7010167479022635,
        "f1-score": 0.7010062847293186
    }
}